id,title,score,num_comments,author,created_utc,url,over_18,edited,spoiler,stickied
1n2a6xk,It’s everyday bro with vibe coding flow,2325,50,analyticsvector-yt,2025-08-28 11:55:23,https://i.redd.it/sswl3x0t1rlf1.jpeg,False,False,False,False
1n2675w,"What is the one ""unwritten rule"" or painful, non-obvious truth you wish someone had told you when you were the first data person on the ground?",70,81,Thinker_Assignment,2025-08-28 07:56:37,https://www.reddit.com/r/dataengineering/comments/1n2675w/what_is_the_one_unwritten_rule_or_painful/,False,False,False,False
1n2u1ta,What over-engineered tool did you finally replace with something simple?,31,18,TheTeamBillionaire,2025-08-29 01:16:17,https://www.reddit.com/r/dataengineering/comments/1n2u1ta/what_overengineered_tool_did_you_finally_replace/,False,False,False,False
1n2qrgu,Do modern data warehouses struggle with wide tables,30,23,ricki246,2025-08-28 22:48:09,https://www.reddit.com/r/dataengineering/comments/1n2qrgu/do_modern_data_warehouses_struggle_with_wide/,False,False,False,False
1n2dg8j,How to have an easy development lifecycle for Airflow on AWS?,17,12,70sechoes,2025-08-28 14:17:05,https://www.reddit.com/r/dataengineering/comments/1n2dg8j/how_to_have_an_easy_development_lifecycle_for/,False,False,False,False
1n2ycuz,Company wants to set up a warehouse. Our total prod data size is just a couple TBs. Is Snowflake overkill?,18,14,PracticalStick3466,2025-08-29 04:52:02,https://www.reddit.com/r/dataengineering/comments/1n2ycuz/company_wants_to_set_up_a_warehouse_our_total/,False,False,False,False
1n29dps,Can someone explain to me (an idiot) where dbt Fusion ends & the dbt VSCode Extension begins?,10,3,afinethingindeedlisa,2025-08-28 11:13:34,https://www.reddit.com/r/dataengineering/comments/1n29dps/can_someone_explain_to_me_an_idiot_where_dbt/,False,False,False,False
1n2ddo1,Calling out design/architecture issues,9,3,SoggyGrayDuck,2025-08-28 14:14:22,https://www.reddit.com/r/dataengineering/comments/1n2ddo1/calling_out_designarchitecture_issues/,False,False,False,False
1n2nc03,Need a way to store and quick access timeseries data with monte-carlo simulations (1000 values for each hour). 250GB data daily generated (weather),6,3,skilled_skinny,2025-08-28 20:28:55,https://www.reddit.com/r/dataengineering/comments/1n2nc03/need_a_way_to_store_and_quick_access_timeseries/,False,False,False,False
1n2xify,"Is Slating still good approached if join is happening between two large datasets with hundreds of million rows? Explode will increase the number of rows for one dataset. Let's say 100,000,000 * 200 Salet_Number = 20,000,000,000 Rows",6,4,Then_Difficulty_5617,2025-08-29 04:05:07,https://www.reddit.com/r/dataengineering/comments/1n2xify/is_slating_still_good_approached_if_join_is/,False,False,False,False
1n2b373,Architecting on-prem,3,9,ursamajorm82,2025-08-28 12:37:39,https://www.reddit.com/r/dataengineering/comments/1n2b373/architecting_onprem/,False,False,False,False
1n2ah3q,Starting to look at Datawarehouses/lakehouse,5,5,Affectionate-Comb-88,2025-08-28 12:08:59,https://www.reddit.com/r/dataengineering/comments/1n2ah3q/starting_to_look_at_datawarehouseslakehouse/,False,False,False,False
1n2q7gy,Why are there a lack of Spark Plugins,2,20,nonamenomonet,2025-08-28 22:24:25,https://www.reddit.com/r/dataengineering/comments/1n2q7gy/why_are_there_a_lack_of_spark_plugins/,False,False,False,False
1n2nonw,Feeling good,2,1,RealisticInfluence42,2025-08-28 20:42:53,https://www.reddit.com/r/dataengineering/comments/1n2nonw/feeling_good/,False,False,False,False
1n2buoe,PySpark Notebooks and Data Quality Checks,3,3,Schnurres,2025-08-28 13:12:11,https://www.reddit.com/r/dataengineering/comments/1n2buoe/pyspark_notebooks_and_data_quality_checks/,False,False,False,False
1n2hqpz,Are people here using or planning to use Iceberg V3?,2,3,urban-pro,2025-08-28 16:57:29,https://www.reddit.com/r/dataengineering/comments/1n2hqpz/are_people_here_using_or_planning_to_use_iceberg/,False,False,False,False
1n2fvlu,Databricks Storage Account Hierarchy,2,0,bottlecapsvgc,2025-08-28 15:47:06,https://www.reddit.com/r/dataengineering/comments/1n2fvlu/databricks_storage_account_hierarchy/,False,False,False,False
1n2yulj,BBA to Data Engineering || Need a reality check.,1,2,Total_Weakness5485,2025-08-29 05:20:56,https://www.reddit.com/r/dataengineering/comments/1n2yulj/bba_to_data_engineering_need_a_reality_check/,False,False,False,False
1n2go11,A declarative fake data generator for sqlalchemy ORM,1,1,francoisnt,2025-08-28 16:16:49,https://www.reddit.com/r/dataengineering/comments/1n2go11/a_declarative_fake_data_generator_for_sqlalchemy/,False,False,False,False
1n2vlzb,Lookimg to get into data engineering,0,4,ofun84,2025-08-29 02:29:54,https://www.reddit.com/r/dataengineering/comments/1n2vlzb/lookimg_to_get_into_data_engineering/,False,False,False,False
1n2dn42,"new to this field, got a question. this may be more about being in a corporate setting then DE but not sure",0,2,Parking_Anteater943,2025-08-28 14:24:16,https://www.reddit.com/r/dataengineering/comments/1n2dn42/new_to_this_field_got_a_question_this_may_be_more/,False,False,False,False
1n28xll,I built Runcell - an AI agent for Jupyter that actually understands your notebook context,0,0,Sudden_Beginning_597,2025-08-28 10:49:02,https://v.redd.it/m6hanf0opqlf1,False,False,False,False
1n25vte,Chat with your data - MCP Datu AI Analyst open source,1,1,shalinga123,2025-08-28 07:35:46,https://v.redd.it/vr6d5fjdrplf1,False,False,False,False
1n2funt,How is this project?,0,1,struggling__engineer,2025-08-28 15:46:06,https://www.reddit.com/r/dataengineering/comments/1n2funt/how_is_this_project/,False,False,False,False
1n2dbel,Building Queryable Chatbots Using MCP Tools,0,0,No-Abies7108,2025-08-28 14:11:55,https://glama.ai/blog/2025-08-28-connecting-virtual-assistants-to-databases-via-mcp,False,False,False,False
1n2bozb,Cursor doesn't work for data teams,0,4,blef__,2025-08-28 13:05:04,https://thenewaiorder.substack.com/p/why-cursor-doesnt-work-for-data-teams,False,False,False,False
1n28cef,Dataiku DSS: The Low-Code Data Engineering King or Just Another ETL Tool?,0,14,Madal13,2025-08-28 10:14:28,https://www.reddit.com/r/dataengineering/comments/1n28cef/dataiku_dss_the_lowcode_data_engineering_king_or/,False,False,False,False
